Workbook

Sheet How to use
A1: Enquiry log
A2: A free template from A2B Guides. Not legal, tax or financial advice.
A4: What this does
A5: One row per enquiry, so none are missed. It sets a follow-up date 2 days after the enquiry arrives and flags anything that needs a reply, then counts where your work comes from.
A6: Which cells to fill in
A7: Yellow cells are yours to fill in. Grey cells work themselves out.
A8: The green row is an example. Delete or overwrite it.
A9: Keep only what you need
A10: Record only the contact details you need to reply and do the job, and delete rows you no longer need. The Information Commissioner's Office has guidance for small businesses:
A11: https://ico.org.uk/for-organisations/advice-for-small-organisations/
A12: The full guides
A13: https://a2bguides.github.io/guides/enquiry-tracking/
A14: https://a2bguides.github.io/guides/enquiry-logger/

Sheet Enquiries
A1: Enquiries
A2: Newest at the bottom. Choose Status and Source from the drop-downs.
A4: Date received | B4: Name | C4: Phone or email | D4: Source | E4: What they need | F4: Status | G4: Quote (£) | H4: Follow up by | I4: Needs a reply? | J4: Notes
A5: 46307 | B5: Sam Customer | C5: 07000 000001 | D5: Google Business Profile | E5: Leaking kitchen tap | F5: Quote sent | G5: 188 | H5: =IF(A5="","",A5+2) -> 46309 | I5: =IF(A5="","",IF(AND(OR(F5="New",F5="Replied",F5="Quote sent"),TODAY()>=H5),"Yes",""))
H6: =IF(A6="","",A6+2) | I6: =IF(A6="","",IF(AND(OR(F6="New",F6="Replied",F6="Quote sent"),TODAY()>=H6),"Yes",""))
H7: =IF(A7="","",A7+2) | I7: =IF(A7="","",IF(AND(OR(F7="New",F7="Replied",F7="Quote sent"),TODAY()>=H7),"Yes",""))
H8: =IF(A8="","",A8+2) | I8: =IF(A8="","",IF(AND(OR(F8="New",F8="Replied",F8="Quote sent"),TODAY()>=H8),"Yes",""))
H9: =IF(A9="","",A9+2) | I9: =IF(A9="","",IF(AND(OR(F9="New",F9="Replied",F9="Quote sent"),TODAY()>=H9),"Yes",""))
H10: =IF(A10="","",A10+2) | I10: =IF(A10="","",IF(AND(OR(F10="New",F10="Replied",F10="Quote sent"),TODAY()>=H10),"Yes",""))
H11: =IF(A11="","",A11+2) | I11: =IF(A11="","",IF(AND(OR(F11="New",F11="Replied",F11="Quote sent"),TODAY()>=H11),"Yes",""))
H12: =IF(A12="","",A12+2) | I12: =IF(A12="","",IF(AND(OR(F12="New",F12="Replied",F12="Quote sent"),TODAY()>=H12),"Yes",""))
H13: =IF(A13="","",A13+2) | I13: =IF(A13="","",IF(AND(OR(F13="New",F13="Replied",F13="Quote sent"),TODAY()>=H13),"Yes",""))
H14: =IF(A14="","",A14+2) | I14: =IF(A14="","",IF(AND(OR(F14="New",F14="Replied",F14="Quote sent"),TODAY()>=H14),"Yes",""))
H15: =IF(A15="","",A15+2) | I15: =IF(A15="","",IF(AND(OR(F15="New",F15="Replied",F15="Quote sent"),TODAY()>=H15),"Yes",""))
H16: =IF(A16="","",A16+2) | I16: =IF(A16="","",IF(AND(OR(F16="New",F16="Replied",F16="Quote sent"),TODAY()>=H16),"Yes",""))
H17: =IF(A17="","",A17+2) | I17: =IF(A17="","",IF(AND(OR(F17="New",F17="Replied",F17="Quote sent"),TODAY()>=H17),"Yes",""))
... H504: =IF(A504="","",A504+2) | I504: =IF(A504="","",IF(AND(OR(F504="New",F504="Replied",F504="Quote sent"),TODAY()>=H504),"Yes",""))

Sheet Summary
A1: Summary
A2: Counts update as you fill in the Enquiries sheet.
A4: Status | B4: Enquiries | C4: Quote value (£)
A5: New | B5: =COUNTIF(Enquiries!$F$5:$F$504,A5) -> 0 | C5: =SUMIFS(Enquiries!$G$5:$G$504,Enquiries!$F$5:$F$504,A5) -> 0
A6: Replied | B6: =COUNTIF(Enquiries!$F$5:$F$504,A6) -> 0 | C6: =SUMIFS(Enquiries!$G$5:$G$504,Enquiries!$F$5:$F$504,A6) -> 0
A7: Quote sent | B7: =COUNTIF(Enquiries!$F$5:$F$504,A7) -> 1 | C7: =SUMIFS(Enquiries!$G$5:$G$504,Enquiries!$F$5:$F$504,A7) -> 188
A8: Won | B8: =COUNTIF(Enquiries!$F$5:$F$504,A8) -> 0 | C8: =SUMIFS(Enquiries!$G$5:$G$504,Enquiries!$F$5:$F$504,A8) -> 0
A9: Lost | B9: =COUNTIF(Enquiries!$F$5:$F$504,A9) -> 0 | C9: =SUMIFS(Enquiries!$G$5:$G$504,Enquiries!$F$5:$F$504,A9) -> 0
A10: Total | B10: =SUM(B5:B9) -> 1
A11: Won as a share of decided (won + lost) | B11: =IF((B8+B9)=0,"",B8/(B8+B9))
A12: Need a reply now | B12: =COUNTIF(Enquiries!$I$5:$I$504,"Yes") -> 0
A14: Source | B14: Enquiries | C14: Won
A15: Google Business Profile | B15: =COUNTIF(Enquiries!$D$5:$D$504,A15) -> 1 | C15: =COUNTIFS(Enquiries!$D$5:$D$504,A15,Enquiries!$F$5:$F$504,"Won") -> 0
A16: Website | B16: =COUNTIF(Enquiries!$D$5:$D$504,A16) -> 0 | C16: =COUNTIFS(Enquiries!$D$5:$D$504,A16,Enquiries!$F$5:$F$504,"Won") -> 0
A17: Word of mouth | B17: =COUNTIF(Enquiries!$D$5:$D$504,A17) -> 0 | C17: =COUNTIFS(Enquiries!$D$5:$D$504,A17,Enquiries!$F$5:$F$504,"Won") -> 0
A18: Repeat customer | B18: =COUNTIF(Enquiries!$D$5:$D$504,A18) -> 0 | C18: =COUNTIFS(Enquiries!$D$5:$D$504,A18,Enquiries!$F$5:$F$504,"Won") -> 0
A19: Directory listing | B19: =COUNTIF(Enquiries!$D$5:$D$504,A19) -> 0 | C19: =COUNTIFS(Enquiries!$D$5:$D$504,A19,Enquiries!$F$5:$F$504,"Won") -> 0
A20: Other | B20: =COUNTIF(Enquiries!$D$5:$D$504,A20) -> 0 | C20: =COUNTIFS(Enquiries!$D$5:$D$504,A20,Enquiries!$F$5:$F$504,"Won") -> 0
